out/1.jpg;0
out/2.jpg;0
out/4.jpg;0
out/5.jpg;0
out/7.jpg;0
out/8.jpg;0
out3/0.jpg;0
out3/1.jpg;0
out3/2.jpg;0
out/9.jpg;1
out/10.jpg;1
out/11.jpg;1
out/12.jpg;1
out/13.jpg;1
out/14.jpg;1
out1/4.jpg;1
out1/5.jpg;1
out1/6.jpg;1
out3/14.jpg;1
out3/15.jpg;1
out3/16.jpg;1
out3/17.jpg;1
out3/18.jpg;1
out3/19.jpg;1
out3/21.jpg;1
out3/39.jpg;1
out3/40.jpg;1
out/17.jpg;2
out/18.jpg;2
out/19.jpg;2
out3/3.jpg;2
out3/4.jpg;2
out3/5.jpg;2
out3/6.jpg;2
out3/7.jpg;2
out3/8.jpg;2
out3/9.jpg;2
out3/10.jpg;2
out3/11.jpg;2
out3/12.jpg;2
out3/13.jpg;2
out3/41.jpg;2
out3/42.jpg;2
out3/43.jpg;2
out/22.jpg;3
out/23.jpg;3
out/24.jpg;3
out/25.jpg;3
out/26.jpg;3
out3/20.jpg;3
out3/22.jpg;3
out3/23.jpg;3
out3/24.jpg;3
out3/25.jpg;3
out3/26.jpg;3
out3/27.jpg;3
out3/36.jpg;3
out3/38.jpg;3
out5/26.jpg;3
out5/27.jpg;3
out/27.jpg;4
out/28.jpg;4
out/29.jpg;4
out5/28.jpg;4
out5/29.jpg;4
out5/30.jpg;4
out5/36.jpg;4
out/30.jpg;5
out/192.jpg;5
out/200.jpg;5
out1/13.jpg;5
out1/14.jpg;5
out1/15.jpg;5
out1/16.jpg;5
out1/17.jpg;5
out1/18.jpg;5
out1/7.jpg;6
out1/8.jpg;6
out1/9.jpg;6
out1/10.jpg;6
out1/11.jpg;6
out3/28.jpg;6
out3/29.jpg;6
out3/30.jpg;6
out3/31.jpg;6
out3/32.jpg;6
out3/33.jpg;6
out3/35.jpg;6
out5/32.jpg;6
out5/33.jpg;6
out5/35.jpg;6









